{
    "voc12_aug": {
        "means": {
            "mIoU": 0.80875763561515,
            "OA": 0.9573472222065693,
            "mAcc": 0.80945763561515
        }
    }
}
