{"ETTh1": {"means": {"mae": 0.4331462010741234, "mse": 0.42021340131759644}}}