{"IEEE39": {"means": {"val/PQ_Vm_rmse": 0.004259684176828999, "val/PQ_Va_rmse": 0.04334524861321999, "val/PV_Va_rmse": 0.05058172834702791, "epoch": 99}}}