{"modelnet40": {"means": {"best_oa": 95.50243377685547, "best_acc": 92.41918182373047, "epoch": 70}}}