{"ETTh1": {"means": {"mae": 0.43822748214006424, "mse": 0.4266631305217743}}}