{
  "sentiment": {
    "means": {
      "best_acc": 0.9346512904997254,
      "best_f1": 0.934620573857732,
      "best_auc": 0.9836853202864146
    }
  }
}