{"IEEE39": {"means": {"val/PQ_Vm_rmse": 0.004727089210437276, "val/PQ_Va_rmse": 0.047760623411681406, "val/PV_Va_rmse": 0.05517512395118292, "epoch": 96}}}